Date,Cases,Vaccinated,Deaths,Frac_boosted,Daily_boost
,,,2097,,
,,,2225,,
,,,2323,,
,,,1905,,
,,,459,,
,,,402,,
,,,731,,
,,,1487,,
,,,2355,,
,,,2281,,
,,,1846,,
,,,372,,
,,,243,,
,,,690,,
,,,1405,,
,,,4185,,
,,,1914,,
,,,1547,,
,,,320,,
,,,681,,
,,,1864,,
,,,1269,,
,,,2232,,
,,,1511,,
Dec 13 2021,201786,20338,1389,0.1887,64882
Dec 12 2021,48358,67997,372,0.1856,165289
Dec 11 2021,51967,233431,624,0.1846,459099
Dec 10 2021,132385,319757,1753,0.1825,1034584
Dec 9 2021,137395,286896,1548,0.1785,999670
Dec 8 2021,128924,311112,1823,0.1749,1020844
Dec 7 2021,124420,307671,1512,0.1713,1040388
Dec 6 2021,199278,299472,1426,0.1677,1006873
Dec 5 2021,47183,174238,414,0.1642,342067
Dec 4 2021,55433,412141,701,0.163,658314
Dec 3 2021,151059,450724,1611,0.1608,1323758
Dec 2 2021,142893,367244,3940,0.1562,1206758
Dec 1 2021,130750,383274,1995,0.1521,1164666
Nov 30 2021,120160,367391,1638,0.1481,1040760
Nov 29 2021,100983,339761,1914,0.1446,881523
Nov 28 2021,53305,136948,278,0.1416,279756
Nov 27 2021,49356,185607,338,0.1407,441529
Nov 26 2021,80942,167986,389,0.1392,672615
Nov 25 2021,70219,4196,488,0.137,11580
Nov 24 2021,105208,146853,1699,0.1369,771814
Nov 23 2021,101922,160833,1351,0.1343,1059675
Nov 22 2021,154132,167844,1246,0.1308,1082203
Nov 21 2021,34060,58569,250,0.1272,355159
Nov 20 2021,38961,98502,475,0.126,627437
Nov 19 2021,113646,190174,1761,0.1239,1202120
Nov 18 2021,113463,166553,1335,0.1199,1029718
Nov 17 2021,106219,167443,1659,0.1165,1003943
Nov 16 2021,96770,162871,1319,0.1131,955995
Nov 15 2021,143741,161877,1277,0.1099,859667
Nov 14 2021,28630,58894,231,0.107,261036
Nov 13 2021,47473,99642,601,0.1061,499396
Nov 12 2021,123134,194636,2448,0.1045,1072366
Nov 11 2021,71616,149550,903,0.1009,836341
Nov 10 2021,90437,166293,1689,0.0981,954223
Nov 9 2021,83055,162221,1448,0.0949,887343
Nov 8 2021,128213,167914,1200,0.0919,768121
Nov 7 2021,25975,68084,235,0.0894,242148
Nov 6 2021,28474,114660,510,0.0886,498376
Nov 5 2021,89513,224302,2118,0.0869,1156033
Nov 4 2021,88066,189057,1201,0.0831,1028531
Nov 3 2021,79940,187973,1984,0.0797,996412
Nov 2 2021,73081,184387,1307,0.0763,971575
Nov 1 2021,120254,189934,1249,0.0731,906507
Oct 31 2021,20543,68387,260,0.07,251296
Oct 30 2021,28725,116398,402,0.0692,505310
Oct 29 2021,87027,233726,1734,0.0675,1154002
Oct 28 2021,81952,205187,1860,0.0637,1043116
Oct 27 2021,83882,204109,2052,0.0603,1049268
Oct 26 2021,102416,198702,1608,0.0568,1002324
Oct 25 2021,94602,201259,1456,0.0535,961976
Oct 24 2021,23599,78503,283,0.0504,269352
Oct 23 2021,29609,131617,575,0.0495,493238
Oct 22 2021,80604,240245,1874,0.0479,796190
Oct 21 2021,87276,191564,2021,0.0452,432629
Oct 20 2021,76381,189400,3191,0.0438,418224
Oct 19 2021,81011,188008,1928,0.0424,409575
Oct 18 2021,70584,205534,1767,0.0411,381989
Oct 17 2021,49275,81765,479,0.0398,96177
Oct 16 2021,62165,140473,599,0.0395,199040
Oct 15 2021,90947,269421,1822,0.0388,488645
Oct 14 2021,96613,221555,2191,0.0372,439804
Oct 13 2021,96985,222119,3185,0.0358,430136
Oct 12 2021,91099,226477,2282,0.0343,443266
Oct 11 2021,75188,215343,1183,0.0329,390964
Oct 10 2021,59487,101679,490,0.0316,109015
Oct 9 2021,69965,164022,454,0.0312,212428
Oct 8 2021,107762,302078,1806,0.0305,528150
Oct 7 2021,111990,246649,2469,0.0288,484958
Oct 6 2021,107800,251695,2661,0.0271,502380
Oct 5 2021,104890,250324,1884,0.0255,493755
Oct 4 2021,87558,247948,1932,0.0239,457307
Oct 3 2021,68408,126716,539,0.0224,122539
Oct 2 2021,81351,201645,878,0.022,239252
Oct 1 2021,120126,365722,2132,0.0212,572388
Sep 30 2021,122565,309955,2824,0.0192,532045
Sep 29 2021,116398,304013,2638,0.0175,518672
Sep 28 2021,117120,297170,2517,0.0158,516743
Sep 27 2021,103425,217356,2253,0.0141,488272
Sep 26 2021,77076,141780,593,0.0125,136500
Sep 25 2021,95647,223933,852,0.012,231405
Sep 24 2021,133083,403457,2486,0.0113,248201
Sep 23 2021,135580,320317,3307,0.0105,97864
Sep 22 2021,132403,327628,2689,0.0101,81569
Sep 21 2021,135052,333692,2442,0.0099,84233
Sep 20 2021,93690,341972,2308,0.0096,81379
Sep 19 2021,97069,160270,408,0.0093,21887
Sep 18 2021,123101,268863,1003,0.0092,46323
Sep 17 2021,157582,469501,2462,0.0091,86287
Sep 16 2021,167328,382279,3488,0.0088,73799
Sep 15 2021,163092,379483,2732,0.0085,73265
Sep 14 2021,162155,368868,1922,0.0083,71021
Sep 13 2021,113754,374364,2153,0.0081,72388
Sep 12 2021,116278,168826,384,0.0078,21628
Sep 11 2021,153177,292183,842,0.0077,46732
Sep 10 2021,169420,487820,2455,0.0076,102409
Sep 9 2021,186794,387067,3225,0.0072,93384
Sep 8 2021,170009,391624,2298,0.0069,91914
Sep 7 2021,118409,468272,2095,0.0066,88500
Sep 6 2021,110302,83859,621,0.0063,10550
Sep 5 2021,124677,168978,427,0.0063,26133
Sep 4 2021,142201,270692,660,0.0062,42518
Sep 3 2021,182912,477999,1939,0.0061,114315
Sep 2 2021,182296,390928,3054,0.0057,109432
Sep 1 2021,198869,396985,2047,0.0053,111623
Aug 31 2021,176985,410915,1442,0.0049,104401
Aug 30 2021,134649,420325,1715,0.0046,95657
Aug 29 2021,118259,200562,324,0.0042,34094
Aug 28 2021,151221,332750,654,0.0041,61392
Aug 27 2021,182821,526629,1749,0.0039,120980
Aug 26 2021,187146,422690,2218,0.0035,106354
Aug 25 2021,177852,412560,1549,0.0032,98915
Aug 24 2021,163766,405271,1436,0.0029,96216
Aug 23 2021,117451,396589,1335,0.0025,92978
Aug 22 2021,127031,175230,223,0.0022,30071
Aug 21 2021,142870,290571,577,0.0021,58740
Aug 20 2021,166935,468285,1455,0.0019,116459
Aug 19 2021,174978,373534,1781,0.0016,109933
Aug 18 2021,168199,371363,1204,0.0012,112001
Aug 17 2021,150803,356556,1027,0.0008,95371
Aug 16 2021,110298,347533,1047,0.0005,77001
Aug 15 2021,110637,158276,214,0.0003,31313
Aug 14 2021,139135,237719,279,0.0002,34318
Aug 13 2021,146577,381541,1062,0,12951
Aug 12 2021,151587,306913,1031,0,0
Aug 11 2021,144581,289524,809,0,0
Aug 10 2021,136581,287938,822,0,0
Aug 9 2021,93959,280445,521,0,0
Aug 8 2021,97121,114804,140,0,0
Aug 7 2021,119977,185590,271,0,0
Aug 6 2021,125953,304268,1131,0,0
Aug 5 2021,129136,258523,527,0,0
Aug 4 2021,124093,249203,549,0,0
Aug 3 2021,110586,247430,586,0,0
Aug 2 2021,103627,231224,372,0,0
Aug 1 2021,63025,95463,235,0,0
Jul 31 2021,81507,175739,177,0,0
Jul 30 2021,105001,282864,885,0,0
Jul 29 2021,99304,244690,319,0,0
Jul 28 2021,89509,250814,380,0,0
Jul 27 2021,86080,242846,457,0,0
Jul 26 2021,71557,214387,250,0,0
Jul 25 2021,43272,61298,104,0,0
Jul 24 2021,53314,169831,136,0,0
Jul 23 2021,68480,277437,552,0,0
Jul 22 2021,72842,248789,288,0,0
Jul 21 2021,61603,258586,364,0,0
Jul 20 2021,51002,248002,287,0,0
Jul 19 2021,45484,243087,198,0,0
Jul 18 2021,28388,102889,96,0,0
Jul 17 2021,31506,184626,72,0,0
Jul 16 2021,42359,291563,453,0,0
Jul 15 2021,40558,258043,355,0,0
Jul 14 2021,38467,262227,324,0,0
Jul 13 2021,34885,261338,355,0,0
Jul 12 2021,29346,263832,232,0,0
Jul 11 2021,16773,105494,119,0,0
Jul 10 2021,20528,201966,78,0,0
Jul 9 2021,27619,334491,463,0,0
Jul 8 2021,28127,300559,251,0,0
Jul 7 2021,22805,308749,327,0,0
Jul 6 2021,20199,327589,304,0,0
Jul 5 2021,9217,203784,120,0,0
Jul 4 2021,10374,26591,40,0,0
Jul 3 2021,13037,184498,85,0,0
Jul 2 2021,16837,333014,437,0,0
Jul 1 2021,18704,324502,283,0,0
Jun 30 2021,11611,342530,299,0,0
Jun 29 2021,15739,348742,328,0,0
Jun 28 2021,10668,296767,159,0,0
Jun 27 2021,10501,146815,76,0,0
Jun 26 2021,13179,287707,160,0,0
Jun 25 2021,15093,437992,528,0,0
Jun 24 2021,15536,406411,343,0,0
Jun 23 2021,13862,429583,386,0,0
Jun 22 2021,13477,456762,341,0,0
Jun 21 2021,8653,284176,261,0,0
Jun 20 2021,8932,171935,80,0,0
Jun 19 2021,12399,361449,170,0,0
Jun 18 2021,12025,580779,599,0,0
Jun 17 2021,13277,575647,299,0,0
Jun 16 2021,13212,615400,384,0,0
Jun 15 2021,12843,643592,323,0,0
Jun 14 2021,8282,603518,186,0,0
Jun 13 2021,8590,289521,112,0,0
Jun 12 2021,12469,627025,269,0,0
Jun 11 2021,14014,831893,526,0,0
Jun 10 2021,16062,792798,402,0,0
Jun 9 2021,19099,801965,475,0,0
Jun 8 2021,14579,797438,307,0,0
Jun 7 2021,9961,721139,307,0,0
Jun 6 2021,10980,352802,169,0,0
Jun 5 2021,14791,731999,586,0,0
Jun 4 2021,18601,930352,516,0,0
Jun 3 2021,18659,816866,629,0,0
Jun 2 2021,16241,662907,565,0,0
Jun 1 2021,8919,761673,643,0,0
May 31 2021,8985,118822,182,0,0
May 30 2021,12000,199927,148,0,0
May 29 2021,16157,411296,327,0,0
May 28 2021,24386,766293,535,0,0
May 27 2021,22555,774540,1350,0,0
May 26 2021,23721,816601,986,0,0
May 25 2021,23793,818215,638,0,0
May 24 2021,16106,733797,437,0,0
May 23 2021,15719,340293,207,0,0
May 22 2021,22218,755613,488,0,0
May 21 2021,28256,1175428,600,0,0
May 20 2021,27958,1149817,685,0,0
May 19 2021,27887,1157774,654,0,0
May 18 2021,28043,1140434,780,0,0
May 17 2021,19499,988650,402,0,0
May 16 2021,20961,478176,268,0,0
May 15 2021,29749,974079,525,0,0
May 14 2021,35430,1407303,631,0,0
May 13 2021,40998,1378849,742,0,0
May 12 2021,35902,1412156,767,0,0
May 11 2021,33595,1420985,680,0,0
May 10 2021,24739,1144983,402,0,0
May 9 2021,27197,430501,263,0,0
May 8 2021,36851,1069908,639,0,0
May 7 2021,44607,1747810,756,0,0
May 6 2021,43405,1777577,796,0,0
May 5 2021,45281,1776433,813,0,0
May 4 2021,43136,1733549,842,0,0
May 3 2021,33231,1382253,486,0,0
May 2 2021,36691,575487,328,0,0
May 1 2021,47984,1144203,748,0,0
Apr 30 2021,55304,1819237,800,0,0
Apr 29 2021,56720,1951433,883,0,0
Apr 28 2021,55292,1942166,983,0,0
Apr 27 2021,50935,1765306,666,0,0
Apr 26 2021,39871,1407593,478,0,0
Apr 25 2021,40715,489839,309,0,0
Apr 24 2021,51922,1171924,750,0,0
Apr 23 2021,64609,1870681,764,0,0
Apr 22 2021,61696,2023665,939,0,0
Apr 21 2021,64176,2020934,896,0,0
Apr 20 2021,58895,1808660,837,0,0
Apr 19 2021,35960,1439603,496,0,0
Apr 18 2021,49211,571857,353,0,0
Apr 17 2021,78010,1161677,711,0,0
Apr 16 2021,70890,1901743,871,0,0
Apr 15 2021,74986,1923116,905,0,0
Apr 14 2021,72358,1894400,933,0,0
Apr 13 2021,72168,1689843,862,0,0
Apr 12 2021,62636,1697719,455,0,0
Apr 11 2021,53492,792606,293,0,0
Apr 10 2021,68055,1633499,758,0,0
Apr 9 2021,78868,2402157,902,0,0
Apr 8 2021,75695,2482895,1008,0,0
Apr 7 2021,77910,2285707,2598,0,0
Apr 6 2021,63266,2053944,828,0,0
Apr 5 2021,56914,1579847,466,0,0
Apr 4 2021,44295,368821,312,0,0
Apr 3 2021,65489,1148457,755,0,0
Apr 2 2021,69529,1794846,897,0,0
Apr 1 2021,74447,2214853,1099,0,0
Mar 31 2021,71462,1920424,1074,0,0
Mar 30 2021,62357,1636566,888,0,0
Mar 29 2021,57813,1256459,634,0,0
Mar 28 2021,52893,544088,442,0,0
Mar 27 2021,63354,1151824,804,0,0
Mar 26 2021,76684,1782253,1152,0,0
Mar 25 2021,66383,1629445,1344,0,0
Mar 24 2021,67152,1404725,1397,0,0
Mar 23 2021,58489,1132765,972,0,0
Mar 22 2021,48559,792495,553,0,0
Mar 21 2021,44958,367951,704,0,0
Mar 20 2021,58370,850363,726,0,0
Mar 19 2021,62285,1206600,1020,0,0
Mar 18 2021,62867,1195514,1632,0,0
Mar 17 2021,62400,1114058,1194,0,0
Mar 16 2021,52081,1032943,1243,0,0
Mar 15 2021,43457,856812,649,0,0
Mar 14 2021,47250,424538,588,0,0
Mar 13 2021,53397,1011746,1010,0,0
Mar 12 2021,62867,1513366,1427,0,0
Mar 11 2021,60537,1387798,1541,0,0
Mar 10 2021,62225,1259818,1537,0,0
Mar 9 2021,53498,1070381,1759,0,0
Mar 8 2021,42989,839527,722,0,0
Mar 7 2021,43522,341165,703,0,0
Mar 6 2021,57318,852915,1455,0,0
Mar 5 2021,64233,1288951,1772,0,0
Mar 4 2021,65748,1226465,1867,0,0
Mar 3 2021,65773,1112138,2574,0,0
Mar 2 2021,55225,940728,1921,0,0
Mar 1 2021,50967,772230,1218,0,0
Feb 28 2021,51630,287440,1088,0,0
Feb 27 2021,67912,801738,1512,0,0
Feb 26 2021,73626,1357428,2122,0,0
Feb 25 2021,72010,1317960,2509,0,0
Feb 24 2021,72980,1211804,3212,0,0
Feb 23 2021,71022,1005270,2257,0,0
Feb 22 2021,56238,787368,1205,0,0
Feb 21 2021,55773,316853,1211,0,0
Feb 20 2021,66027,672446,1901,0,0
Feb 19 2021,73202,1085886,2521,0,0
Feb 18 2021,68756,962996,2558,0,0
Feb 17 2021,64578,979019,2408,0,0
Feb 16 2021,57844,775812,1648,0,0
Feb 15 2021,57698,528440,946,0,0
Feb 14 2021,66668,227682,1151,0,0
Feb 13 2021,84447,571090,2253,0,0
Feb 12 2021,97923,1151940,2833,0,0
Feb 11 2021,99238,1076175,3155,0,0
Feb 10 2021,99469,1022884,3359,0,0
Feb 9 2021,91970,882465,3025,0,0
Feb 8 2021,82255,696106,1449,0,0
Feb 7 2021,91483,154401,1463,0,0
Feb 6 2021,108095,419892,2725,0,0
Feb 5 2021,125534,954392,3657,0,0
Feb 4 2021,125153,905382,3881,0,0
Feb 3 2021,110272,825936,3856,0,0
Feb 2 2021,122566,687965,3541,0,0
Feb 1 2021,128459,561641,1779,0,0
Jan 31 2021,111472,124438,1932,0,0
Jan 30 2021,137372,240346,2817,0,0
Jan 29 2021,164177,490179,3594,0,0
Jan 28 2021,156840,552272,3766,0,0
Jan 27 2021,160018,641529,4060,0,0
Jan 26 2021,147900,574625,4013,0,0
Jan 25 2021,133856,484181,1782,0,0
Jan 24 2021,143551,87086,1829,0,0
Jan 23 2021,164588,148798,3523,0,0
Jan 22 2021,190492,207917,3766,0,0
Jan 21 2021,189661,272201,4063,0,0
Jan 20 2021,189260,417422,4405,0,0
Jan 19 2021,150923,351736,2374,0,0
Jan 18 2021,151198,225679,1583,0,0
Jan 17 2021,182569,41816,2015,0,0
Jan 16 2021,212817,71325,3550,0,0
Jan 15 2021,239973,119816,3813,0,0
Jan 14 2021,224285,135291,3780,0,0
Jan 13 2021,229432,270968,3968,0,0
Jan 12 2021,218686,313731,4349,0,0
Jan 11 2021,204472,321039,1851,0,0
Jan 10 2021,223519,68598,2090,0,0
Jan 9 2021,255183,128353,3159,0,0
Jan 8 2021,294016,361858,4228,0,0
Jan 7 2021,271067,280313,3993,0,0
Jan 6 2021,259766,173882,3870,0,0
Jan 5 2021,245058,87764,3576,0,0
Jan 4 2021,174854,44893,2016,0,0
Jan 3 2021,205421,2302,1401,0,0
Jan 2 2021,224283,2625,2592,0,0
Jan 1 2021,229373,5623,2240,0,0
Dec 31 2020,231071,2694,3218,0,0
Dec 30 2020,238876,5985,3880,0,0
Dec 29 2020,210245,4341,3538,0,0
Dec 28 2020,178989,3147,1900,0,0
Dec 27 2020,154978,629,1467,0,0
Dec 26 2020,149191,705,1911,0,0
Dec 25 2020,159277,91,1503,0,0
Dec 24 2020,202353,983,2861,0,0
Dec 23 2020,228470,2223,3303,0,0
Dec 22 2020,199670,2393,3299,0,0
Dec 21 2020,183979,1135,1826,0,0
Dec 20 2020,188039,682,1701,0,0
Dec 19 2020,201794,969,2737,0,0
Dec 18 2020,237465,1032,2955,0,0
Dec 17 2020,248026,612,3413,0,0
Dec 16 2020,241938,412,3666,0,0
Dec 15 2020,200900,222,2898,0,0
Dec 14 2020,197606,99,1697,0,0
Dec 13 2020,180743,99,1568,0,0
Dec 12 2020,216116,0,2505,0,0
Dec 11 2020,248760,0,3332,0,0
Dec 10 2020,208877,0,2913,0,0
Dec 9 2020,222547,0,2959,0,0
Dec 8 2020,226571,0,2601,0,0
Dec 7 2020,186546,0,1630,0,0
Dec 6 2020,177328,0,1422,0,0
Dec 5 2020,205788,0,2396,0,0
Dec 4 2020,225474,0,2627,0,0
Dec 3 2020,218920,0,2906,0,0
Dec 2 2020,211407,0,2873,0,0
Dec 1 2020,192552,0,2498,0,0
Nov 30 2020,153875,0,1409,0,0
Nov 29 2020,141316,0,1044,0,0
Nov 28 2020,144715,0,1411,0,0
Nov 27 2020,164389,0,1620,0,0
Nov 26 2020,145036,0,1400,0,0
Nov 25 2020,195536,0,2227,0,0
Nov 24 2020,175932,0,2176,0,0
Nov 23 2020,160725,0,1136,0,0
Nov 22 2020,150923,0,1076,0,0
Nov 21 2020,173469,0,1632,0,0
Nov 20 2020,195146,0,2002,0,0
Nov 19 2020,190293,0,2012,0,0
Nov 18 2020,172828,0,1933,0,0
Nov 17 2020,167992,0,1741,0,0
Nov 16 2020,152483,0,874,0,0
Nov 15 2020,140052,0,759,0,0
Nov 14 2020,163785,0,1400,0,0
Nov 13 2020,178529,0,1193,0,0
Nov 12 2020,163914,0,1239,0,0
Nov 11 2020,154107,0,1463,0,0
Nov 10 2020,148095,0,1464,0,0
Nov 9 2020,125083,0,803,0,0
Nov 8 2020,112059,0,576,0,0
Nov 7 2020,129237,0,1126,0,0
Nov 6 2020,134553,0,1183,0,0
Nov 5 2020,123780,0,1214,0,0
Nov 4 2020,115980,0,1081,0,0
Nov 3 2020,99113,0,1624,0,0
Nov 2 2020,87234,0,729,0,0
Nov 1 2020,74324,0,509,0,0
Oct 31 2020,93272,0,963,0,0
Oct 30 2020,98053,0,1072,0,0
Oct 29 2020,91703,0,994,0,0
Oct 28 2020,85429,0,1040,0,0
Oct 27 2020,75829,0,997,0,0
Oct 26 2020,70171,0,559,0,0
Oct 25 2020,65932,0,452,0,0
Oct 24 2020,76390,0,972,0,0
Oct 23 2020,83174,0,954,0,0
Oct 22 2020,75035,0,880,0,0
Oct 21 2020,70562,0,1162,0,0
Oct 20 2020,58977,0,948,0,0
Oct 19 2020,62185,0,510,0,0
Oct 18 2020,48993,0,460,0,0
Oct 17 2020,54324,0,789,0,0
Oct 16 2020,69570,0,926,0,0
Oct 15 2020,63390,0,839,0,0
Oct 14 2020,58212,0,986,0,0
Oct 13 2020,50814,0,752,0,0
Oct 12 2020,49773,0,393,0,0
Oct 11 2020,44944,0,463,0,0
Oct 10 2020,53913,0,648,0,0
Oct 9 2020,59092,0,950,0,0
Oct 8 2020,55664,0,973,0,0
Oct 7 2020,54803,0,903,0,0
Oct 6 2020,41974,0,688,0,0
Oct 5 2020,41616,0,474,0,0
Oct 4 2020,35652,0,385,0,0
Oct 3 2020,47741,0,672,0,0
Oct 2 2020,51167,0,889,0,0
Oct 1 2020,47483,0,895,0,0
Sep 30 2020,46574,0,905,0,0
Sep 29 2020,38936,0,879,0,0
Sep 28 2020,39174,0,338,0,0
Sep 27 2020,35369,0,305,0,0
Sep 26 2020,42758,0,763,0,0
Sep 25 2020,50220,0,912,0,0
Sep 24 2020,46409,0,896,0,0
Sep 23 2020,42949,0,1052,0,0
Sep 22 2020,50110,0,1022,0,0
Sep 21 2020,41636,0,411,0,0
Sep 20 2020,34276,0,259,0,0
Sep 19 2020,42380,0,666,0,0
Sep 18 2020,48182,0,955,0,0
Sep 17 2020,45395,0,847,0,0
Sep 16 2020,44921,0,932,0,0
Sep 15 2020,37229,0,1189,0,0
Sep 14 2020,34758,0,424,0,0
Sep 13 2020,32898,0,392,0,0
Sep 12 2020,40036,0,738,0,0
Sep 11 2020,44599,0,1142,0,0
Sep 10 2020,39099,0,907,0,0
Sep 9 2020,35564,0,1100,0,0
Sep 8 2020,28618,0,473,0,0
Sep 7 2020,24589,0,323,0,0
Sep 6 2020,33988,0,436,0,0
Sep 5 2020,41303,0,791,0,0
Sep 4 2020,51293,0,950,0,0
Sep 3 2020,45576,0,1023,0,0
Sep 2 2020,42790,0,1072,0,0
Sep 1 2020,38841,0,1061,0,0
Aug 31 2020,39567,0,485,0,0
Aug 30 2020,36631,0,440,0,0
Aug 29 2020,41020,0,963,0,0
Aug 28 2020,46938,0,927,0,0
Aug 27 2020,47225,0,1107,0,0
Aug 26 2020,47495,0,1143,0,0
Aug 25 2020,40926,0,1218,0,0
Aug 24 2020,36026,0,454,0,0
Aug 23 2020,37081,0,479,0,0
Aug 22 2020,41842,0,962,0,0
Aug 21 2020,47713,0,1115,0,0
Aug 20 2020,47057,0,1080,0,0
Aug 19 2020,47290,0,701,0,0
Aug 18 2020,41715,0,1227,0,0
Aug 17 2020,41818,0,459,0,0
Aug 16 2020,41920,0,611,0,0
Aug 15 2020,51555,0,1060,0,0
Aug 14 2020,56242,0,1286,0,0
Aug 13 2020,52153,0,1028,0,0
Aug 12 2020,55545,0,1532,0,0
Aug 11 2020,59189,0,1077,0,0
Aug 10 2020,44149,0,524,0,0
Aug 9 2020,46359,0,577,0,0
Aug 8 2020,52083,0,1073,0,0
Aug 7 2020,62142,0,1295,0,0
Aug 6 2020,55160,0,1201,0,0
Aug 5 2020,56250,0,1395,0,0
Aug 4 2020,51918,0,1248,0,0
Aug 3 2020,45304,0,592,0,0
Aug 2 2020,51460,0,476,0,0
Aug 1 2020,56417,0,1090,0,0
Jul 31 2020,68822,0,1191,0,0
Jul 30 2020,67145,0,1301,0,0
Jul 29 2020,65130,0,1414,0,0
Jul 28 2020,59193,0,1215,0,0
Jul 27 2020,53265,0,1104,0,0
Jul 26 2020,59006,0,563,0,0
Jul 25 2020,61083,0,949,0,0
Jul 24 2020,73913,0,1110,0,0
Jul 23 2020,74061,0,1056,0,0
Jul 22 2020,72660,0,1243,0,0
Jul 21 2020,63329,0,1073,0,0
Jul 20 2020,59017,0,553,0,0
Jul 19 2020,59921,0,464,0,0
Jul 18 2020,67796,0,889,0,0
Jul 17 2020,77085,0,941,0,0
Jul 16 2020,70182,0,961,0,0
Jul 15 2020,72308,0,954,0,0
Jul 14 2020,65003,0,904,0,0
Jul 13 2020,56542,0,452,0,0
Jul 12 2020,59644,0,465,0,0
Jul 11 2020,68133,0,765,0,0
Jul 10 2020,68569,0,801,0,0
Jul 9 2020,62315,0,1039,0,0
Jul 8 2020,65379,0,843,0,0
Jul 7 2020,56061,0,1144,0,0
Jul 6 2020,51214,0,374,0,0
Jul 5 2020,40421,0,334,0,0
Jul 4 2020,49595,0,308,0,0
Jul 3 2020,60292,0,676,0,0
Jul 2 2020,55608,0,749,0,0
Jul 1 2020,59741,0,702,0,0
Jun 30 2020,46588,0,551,0,0
Jun 29 2020,38602,0,369,0,0
Jun 28 2020,37797,0,326,0,0
Jun 27 2020,43618,0,499,0,0
Jun 26 2020,46553,0,629,0,0
Jun 25 2020,47009,0,551,0,0
Jun 24 2020,37431,0,755,0,0
Jun 23 2020,37920,0,731,0,0
Jun 22 2020,28698,0,379,0,0
Jun 21 2020,27327,0,319,0,0
Jun 20 2020,33339,0,563,0,0
Jun 19 2020,33308,0,628,0,0
Jun 18 2020,28758,0,696,0,0
Jun 17 2020,25603,0,741,0,0
Jun 16 2020,24926,0,775,0,0
Jun 15 2020,20588,0,398,0,0
Jun 14 2020,20620,0,348,0,0
Jun 13 2020,26007,0,708,0,0
Jun 12 2020,28747,0,822,0,0
Jun 11 2020,22688,0,808,0,0
Jun 10 2020,22484,0,856,0,0
Jun 9 2020,18594,0,909,0,0
Jun 8 2020,18038,0,502,0,0
Jun 7 2020,17780,0,460,0,0
Jun 6 2020,23574,0,638,0,0
Jun 5 2020,24424,0,870,0,0
Jun 4 2020,20712,0,998,0,0
Jun 3 2020,21109,0,1000,0,0
Jun 2 2020,20731,0,979,0,0
Jun 1 2020,17358,0,767,0,0
May 31 2020,21206,0,621,0,0
May 30 2020,23710,0,946,0,0
May 29 2020,23554,0,1109,0,0
May 28 2020,24198,0,1065,0,0
May 27 2020,20367,0,1452,0,0
May 26 2020,16954,0,654,0,0
May 25 2020,19149,0,600,0,0
May 24 2020,21765,0,636,0,0
May 23 2020,20979,0,1079,0,0
May 22 2020,26029,0,1204,0,0
May 21 2020,25523,0,1181,0,0
May 20 2020,24490,0,1470,0,0
May 19 2020,20691,0,1427,0,0
May 18 2020,24690,0,1222,0,0
May 17 2020,19225,0,817,0,0
May 16 2020,25303,0,1169,0,0
May 15 2020,27118,0,1624,0,0
May 14 2020,34532,0,1767,0,0
May 13 2020,17740,0,1695,0,0
May 12 2020,24260,0,1588,0,0
May 11 2020,19299,0,1026,0,0
May 10 2020,21651,0,1001,0,0
May 9 2020,25967,0,1471,0,0
May 8 2020,28046,0,1771,0,0
May 7 2020,30615,0,1903,0,0
May 6 2020,24303,0,2318,0,0
May 5 2020,23207,0,2179,0,0
May 4 2020,21179,0,1370,0,0
May 3 2020,27842,0,1201,0,0
May 2 2020,28396,0,1773,0,0
May 1 2020,30225,0,1880,0,0
Apr 30 2020,32425,0,2190,0,0
Apr 29 2020,27205,0,2374,0,0
Apr 28 2020,23487,0,2234,0,0
Apr 27 2020,24218,0,1486,0,0
Apr 26 2020,27232,0,1414,0,0
Apr 25 2020,33375,0,1739,0,0
Apr 24 2020,34130,0,2063,0,0
Apr 23 2020,32997,0,2426,0,0
Apr 22 2020,31434,0,2466,0,0
Apr 21 2020,25455,0,2451,0,0
Apr 20 2020,25811,0,2285,0,0
Apr 19 2020,27884,0,1967,0,0
Apr 18 2020,27600,0,1943,0,0
Apr 17 2020,29778,0,2104,0,0
Apr 16 2020,31820,0,2187,0,0
Apr 15 2020,25379,0,2624,0,0
Apr 14 2020,25186,0,2481,0,0
Apr 13 2020,24932,0,2001,0,0
Apr 12 2020,27798,0,1883,0,0
Apr 11 2020,32207,0,2103,0,0
Apr 10 2020,31920,0,2214,0,0
Apr 9 2020,34988,0,2256,0,0
Apr 8 2020,33682,0,2152,0,0
Apr 7 2020,30225,0,2606,0,0
Apr 6 2020,28584,0,1762,0,0
Apr 5 2020,27478,0,1622,0,0
Apr 4 2020,32492,0,1620,0,0
Apr 3 2020,31839,0,1429,0,0
Apr 2 2020,30045,0,1560,0,0
Apr 1 2020,28347,0,1637,0,0
Mar 31 2020,23296,0,0,0,0
Mar 30 2020,15831,0,0,0,0
Mar 29 2020,26334,0,0,0,0
Mar 28 2020,20635,0,0,0,0
Mar 27 2020,20039,0,0,0,0
Mar 26 2020,18772,0,0,0,0
Mar 25 2020,14160,0,0,0,0
Mar 24 2020,11351,0,0,0,0
Mar 23 2020,10728,0,0,0,0
Mar 22 2020,10868,0,0,0,0
Mar 21 2020,9218,0,0,0,0
Mar 20 2020,7437,0,0,0,0
Mar 19 2020,6174,0,0,0,0
Mar 18 2020,4903,0,0,0,0
Mar 17 2020,3222,0,0,0,0
Mar 16 2020,2349,0,0,0,0
Mar 15 2020,2202,0,0,0,0
Mar 14 2020,1231,0,0,0,0
Mar 13 2020,911,0,0,0,0
Mar 12 2020,748,0,0,0,0
Mar 11 2020,514,0,0,0,0
Mar 10 2020,493,0,0,0,0
Mar 9 2020,420,0,0,0,0
Mar 8 2020,209,0,0,0,0
Mar 7 2020,160,0,0,0,0
Mar 6 2020,121,0,0,0,0
Mar 5 2020,78,0,0,0,0
Mar 4 2020,67,0,0,0,0
Mar 3 2020,64,0,0,0,0
Mar 2 2020,36,0,0,0,0
Mar 1 2020,18,0,0,0,0
Feb 29 2020,9,0,0,0,0
Feb 28 2020,4,0,0,0,0
Feb 27 2020,5,0,0,0,0
Feb 26 2020,8,0,0,0,0
Feb 25 2020,4,0,0,0,0
Feb 24 2020,4,0,0,0,0
Feb 23 2020,0,0,0,0,0
Feb 22 2020,6,0,0,0,0
Feb 21 2020,5,0,0,0,0
Feb 20 2020,1,0,0,0,0
Feb 19 2020,3,0,0,0,0
Feb 18 2020,5,0,0,0,0
Feb 17 2020,2,0,0,0,0
Feb 16 2020,0,0,0,0,0
Feb 15 2020,0,0,0,0,0
Feb 14 2020,0,0,0,0,0
Feb 13 2020,1,0,0,0,0
Feb 12 2020,1,0,0,0,0
Feb 11 2020,0,0,0,0,0
Feb 10 2020,0,0,0,0,0
Feb 9 2020,0,0,0,0,0
Feb 8 2020,0,0,0,0,0
Feb 7 2020,1,0,0,0,0
Feb 6 2020,0,0,0,0,0
Feb 5 2020,0,0,0,0,0
Feb 4 2020,0,0,0,0,0
Feb 3 2020,3,0,0,0,0
Feb 2 2020,3,0,0,0,0
Feb 1 2020,1,0,0,0,0
Jan 31 2020,1,0,0,0,0
Jan 30 2020,0,0,0,0,0
Jan 29 2020,0,0,0,0,0
Jan 28 2020,0,0,0,0,0
Jan 27 2020,0,0,0,0,0
Jan 26 2020,1,0,0,0,0
Jan 25 2020,0,0,0,0,0
Jan 24 2020,1,0,0,0,0
Jan 23 2020,1,0,0,0,0