"","Vaccine","Variant","Study","NATR_vac","NATR_vac_istatus","endpoint","VE","lower","upper","fold_red","NATR_tot","code","I_v","I_c","N_v","N_c","VE_m","VE_up","VE_low","VE_up_SE","VE_low_SE","b_s","NATR_tot_jit","data","mean"
"1","Astrazeneca","Alpha","Braeye",0.542372881,1,"Susceptibility",0.55,0.11,0.82,1.48879931632068,0.364302209877678,"ChAdOx1 nCoV-19",11.0803158362333,24.6229240805186,1e+08,1e+08,0.518905812278845,0.778401127707151,0.0836727965330071,0.684898378838256,0.353886310561535,2.46229240805185e-07,0.369445724714413,"data",NA
"2","Astrazeneca","Alpha","Eyre",0.542372881,1,"Infectiousness",0.52,0.22,0.7,1.48879931632068,0.364302209877678,"ChAdOx1 nCoV-19",24.0508463208342,50.1059298350712,1e+08,1e+08,0.504429979674821,0.704647466922576,0.220342087471146,0.624129907969857,0.385841449360205,5.01059298350712e-07,0.393867971700271,"data",NA
"3","Astrazeneca","Delta","Eyre",0.542372881,1,"Infectiousness",0.24,0.18,0.3,2.19999482051163,0.246533708144761,"ChAdOx1 nCoV-19",760,1000,1e+08,1e+08,0.239252887594772,0.299505355253206,0.174801258566072,0.27097261868716,0.207493818648282,1e-05,0.200232636573933,"data",NA
"4","Astrazeneca","Delta","Andrews",0.5423729,1,"Death",0.932,0.917,0.945,2.19999482051163,0.246533716781145,"ChAdOx1 nCoV-19",68,1000,1e+08,1e+08,0.93162555917624,0.944466106718287,0.916774335526458,0.938629132487165,0.924653604486672,1e-05,0.252292193978845,"data",NA
"5","Astrazeneca","Alpha","Pouwels (alpha)",0.542372881,1,"Susceptibility",0.79,0.56,0.9,1.48879931632068,0.364302209877678,"ChAdOx1 nCoV-19",8.20849986238985,39.0880945828088,1e+08,1e+08,0.774264460675517,0.901598169733687,0.557617121509935,0.856606135498393,0.693220006391539,3.90880945828088e-07,0.357279462179671,"data",NA
"6","Astrazeneca","Delta","Martinez-Baz",0.542372881,1,"Susceptibility",0.54,0.48,0.6,2.19999482051163,0.246533708144761,"ChAdOx1 nCoV-19",340.425211522063,740.054807656658,1e+08,1e+08,0.538570255827751,0.595218716465551,0.476234437579577,0.568503128549947,0.508663835915381,7.40054807656658e-06,0.238958497794379,"data",NA
"7","Astrazeneca","Delta","Khanam",0.5423729,1,"Death",0.86,-0.1,0.98,2.19999482051163,0.246533716781145,"ChAdOx1 nCoV-19",0.932552513772828,6.66108938409163,1e+08,1e+08,0.74640482928117,0.984340961317822,-0.195095219858024,0.954072625996779,0.85,6.66108938409163e-08,0.236034629305983,"data",NA
"8","Astrazeneca","D614G","Voysey",0.542372881,1,"Susceptibility",0.557,0.414,0.667,1,0.542372881,"ChAdOx1 nCoV-19",70.4688089718713,159.071803548242,1e+08,1e+08,0.552359437847453,0.664804700918166,0.413419694495168,0.616096644398647,0.489042205147382,1.59071803548242e-06,0.544054317701165,"data",NA
"9","Astrazeneca","Alpha","Harris",0.542372881,1,"Infectiousness",0.48,0.38,0.57,1.48879931632068,0.364302209877678,"ChAdOx1 nCoV-19",179.877031207607,345.917367706937,1e+08,1e+08,0.478251039460686,0.566228034532315,0.378435856586896,0.525700751036813,0.430601078840457,3.45917367706937e-06,0.354731411193786,"data",NA
"10","Astrazeneca","D614G","Pritchard",0.542372881,1,"Susceptibility",0.79,0.65,0.88,1,0.542372881,"ChAdOx1 nCoV-19",17.3773943450445,82.7494968811641,1e+08,1e+08,0.782714511984849,0.874883101303754,0.648135671937824,0.838840366919181,0.727084431879494,8.27494968811641e-07,0.557837771348173,"data",NA
"11","Astrazeneca","Delta","Andrews",0.5423729,1,"Death",0.941,0.918,0.958,2.19999482051163,0.246533716781145,"ChAdOx1 nCoV-19",36.7879441171442,623.524476561765,1e+08,1e+08,0.940112845368015,0.957546605068402,0.917769207765574,0.950142567806268,0.930105533805538,6.23524476561765e-06,0.266713885265902,"data",NA
"12","Astrazeneca","Delta","Pouwels (delta)",0.542372881,1,"Susceptibility",0.67,0.62,0.71,2.19999482051163,0.246533708144761,"ChAdOx1 nCoV-19",275.193606470704,833.920019608194,1e+08,1e+08,0.669137850998417,0.711976007753204,0.621932169177644,0.692009411493256,0.646296663848712,8.33920019608195e-06,0.24921246544579,"data",NA
"13","Convalescent","Alpha","Pouwels (alpha)",1,1,"Susceptibility",0.6,0.5,0.68,1.48879931632068,0.67168219990276,"Convalescent",110.517091807565,276.292729518912,1e+08,1e+08,0.597640707098779,0.679538571063661,0.501294675771206,0.642507746117754,0.552697216100281,2.76292729518912e-06,0.658112402763025,"data",NA
"14","Convalescent","Delta","Pouwels (delta)",1,1,"Susceptibility",0.72,0.58,0.82,2.19999482051163,0.454546524690199,"Convalescent",28.8301059313528,102.964664040546,1e+08,1e+08,0.713687190275504,0.814959408315723,0.577555918707997,0.772763427626765,0.654370448440021,1.02964664040546e-06,0.436535606772214,"data",NA
"15","Convalescent","D614G","Narrainen",1,1,"Susceptibility",0.973,0.805,0.996,1,1,"Convalescent",1.01782722734418,37.6973047164512,1e+08,1e+08,0.955142508436831,0.996252191642495,0.803464898048506,0.990111612055811,0.927016366093645,3.76973047164512e-07,1.01958277926668,"data",NA
"16","Johnson and Johnson","Alpha","Braeye",0.470306513,1,"Infectiousness",0.26,-0.1,0.62,1.48879931632068,0.315896513280436,"Ad26.COV2.S",22.5585418335605,30.484515991298,1e+08,1e+08,0.229933527813175,0.569804977839686,-0.273678778617979,0.438686116093576,0.022754887202308,3.0484515991298e-07,0.345229226623932,"data",NA
"17","Johnson and Johnson","Alpha","Braeye",0.470306513,1,"Susceptibility",0.58,0.21,0.81,1.48879931632068,0.315896513280436,"Ad26.COV2.S",13.199384318783,31.4271055209119,1e+08,1e+08,0.557291521073861,0.779726582670373,0.202730972923189,0.696668159923368,0.419626031723906,3.14271055209119e-07,0.316902025318632,"data",NA
"18","Moderna","Alpha","Braeye",4.133291219,1,"Susceptibility",0.86,0.8,0.91,1.48879931632068,2.77625813881668,"mRNA-1273",33.2871083698079,237.765059784342,1e+08,1e+08,0.857442972733176,0.902496530661484,0.798076532321555,0.883654922697271,0.831410388232173,2.37765059784342e-06,2.79303918036461,"data",NA
"19","Moderna","Delta","Martinez-Baz",4.133291219,1,"Susceptibility",0.82,0.78,0.86,2.19999482051163,1.87877315912897,"mRNA-1273",90.5193701622721,502.8853897904,1e+08,1e+08,0.818857921814917,0.856293214125853,0.774954210193073,0.839322977562639,0.798490308025182,5.028853897904e-06,1.90016792823605,"data",NA
"20","Moderna","Alpha","Braeye",4.133291219,1,"Infectiousness",0.49,0.23,0.68,1.48879931632068,2.77625813881668,"mRNA-1273",32.6687899378651,64.0564508585591,1e+08,1e+08,0.478276553033913,0.665720026609617,0.223544835005571,0.587933207444209,0.368716396595466,6.40564508585591e-07,2.75082072121911,"data",NA
"21","Pfizer","BA.2","Yan",2.3723404,1,"Death",0.898,0.837,0.936,15.1347461129248,0.156747948217913,"BNT162b2",19.4465599089723,190.65254812718,1e+08,1e+08,0.895067186798324,0.936317661893281,0.837121570291433,0.919455873783218,0.87082559593392,1.90652548127179e-06,0.159734495616051,"data",NA
"22","Pfizer","Alpha","Hall",2.372340426,1,"Susceptibility",0.86,0.76,0.97,1.48879931632068,1.59345883625393,"BNT162b2",11.0803158362334,79.1451131159525,1e+08,1e+08,0.852664684396653,0.925198193833623,0.736850600986997,0.898354135011964,0.807052689903497,7.91451131159525e-07,1.62919142078249,"data",NA
"23","Pfizer","Alpha","Braeye",2.372340426,1,"Susceptibility",0.74,0.72,0.76,1.48879931632068,1.59345883625393,"BNT162b2",260,1000,1e+08,1e+08,0.739821451002773,0.759283491088521,0.719202146173203,0.749960023603205,0.729670210321928,1e-05,1.60579164503377,"data",NA
"24","Pfizer","Alpha","Harris",2.372340426,1,"Infectiousness",0.46,0.38,0.53,1.48879931632068,1.59345883625393,"BNT162b2",308.744457383924,571.748995155414,1e+08,1e+08,0.458645133293873,0.528993134962477,0.380188143785342,0.496490861683679,0.420827464406426,5.71748995155414e-06,1.57117806959745,"data",NA
"25","Pfizer","Alpha","Prunas",2.372340426,0.1241186,"Susceptibility",0.583,0.458,0.679,1.48879931632068,0.197777879913467,"BNT162b2",78.8596890981076,189.111964264047,1e+08,1e+08,0.579097817165233,0.679441864302663,0.456236905920319,0.635392708881817,0.523495691644264,1.89111964264047e-06,0.182977894273237,"data",NA
"26","Pfizer","Alpha","Prunas",2.372340426,1,"Susceptibility",0.894,0.887,0.9,1.48879931632068,1.59345883625393,"BNT162b2",106,1000,1e+08,1e+08,0.893961937113073,0.900270931826137,0.887436470322953,0.897223151449676,0.890663414496857,1e-05,1.59148442900451,"data",NA
"27","Pfizer","Alpha","Braeye",2.372340426,1,"Infectiousness",0.61,0.56,0.67,1.48879931632068,1.59345883625393,"BNT162b2",278.709120779892,714.638771230492,1e+08,1e+08,0.609100414473592,0.660609606332915,0.551896947354565,0.636597522851741,0.581818994052307,7.14638771230492e-06,1.59654725308913,"data",NA
"28","Pfizer","Alpha","Pouwels (alpha)",2.372340426,1,"Susceptibility",0.78,0.68,0.84,1.48879931632068,1.59345883625393,"BNT162b2",35.8831505834206,163.105229924639,1e+08,1e+08,0.775955068103125,0.846426735700323,0.684566251993534,0.81660510406326,0.735274833105922,1.63105229924639e-06,1.60218809092876,"data",NA
"29","Pfizer","Alpha","Andrews",2.3723404,0.1241186,"Death",0.966,0.944,0.965,1.48879931632068,0.197777877745893,"BNT162b2",26.2500300612465,772.059707683721,1e+08,1e+08,0.965345903212075,0.976981077275485,0.949788978161931,0.97208190811843,0.95860715748962,7.72059707683721e-06,0.195425656026027,"data",NA
"30","Pfizer","Alpha","Eyre",2.372340426,1,"Infectiousness",0.68,0.52,0.79,1.48879931632068,1.59345883625393,"BNT162b2",30.1194211912202,94.123191222563,1e+08,1e+08,0.672028393467542,0.786808881331553,0.515620923146247,0.739534582779923,0.604645454650563,9.4123191222563e-07,1.5864399564357,"data",NA
"31","Pfizer","Alpha","Glatman-Freedman",2.3723404,1,"Death",0.986,0.97,0.993,1.48879931632068,1.59345881879019,"BNT162b2",6.72055127397496,480.039376712496,1e+08,1e+08,0.984827393643209,0.993432176258712,0.969922450649574,0.990454198886528,0.979282534633258,4.80039376712496e-06,1.58024400133447,"data",NA
"32","Pfizer","Alpha","Prunas",2.372340426,1,"Infectiousness",0.23,-0.1,0.467,1.48879931632068,1.59345883625393,"BNT162b2",50.283157797094,65.3028023338883,1e+08,1e+08,0.215759105909357,0.46791327399561,-0.115221359465041,0.36211797645707,0.071142894636872,6.53028023338883e-07,1.56602414729177,"data",NA
"33","Pfizer","D614G","Pritchard",2.372340426,1,"Susceptibility",0.8,0.73,0.85,1,2.372340426,"BNT162b2",52.2045776761015,261.022888380508,1e+08,1e+08,0.797827950564962,0.851064801522728,0.730525408506602,0.82813581911759,0.767626477923956,2.61022888380508e-06,2.4129473221045,"data",NA
"34","Pfizer","Delta","Andrews",2.3723404,1,"Death",0.982,0.959,0.992,2.19999482051163,1.07833908420216,"BNT162b2",5.78443208748383,321.357338193546,1e+08,1e+08,0.980361912430445,0.992084238467814,0.959343130824857,0.988156774752585,0.972730830215897,3.21357338193546e-06,1.05649961919518,"data",NA
"35","Pfizer","Alpha","Martinez-Baz",2.372340426,1,"Susceptibility",0.65,0.56,0.73,1.48879931632068,1.59345883625393,"BNT162b2",90.9977014467123,259.993432704892,1e+08,1e+08,0.64732828418592,0.724287643839165,0.556125056469495,0.690008994543357,0.604818514112314,2.59993432704892e-06,1.6413730020719,"data",NA
"36","Pfizer","Alpha","Goldberg",2.3723404,1,"Death",0.96,0.949,0.969,1.48879931632068,1.59345881879019,"BNT162b2",40,1000,1e+08,1e+08,0.959663071999352,0.96871331724627,0.948847751197732,0.964678596818487,0.954643695989691,1e-05,1.59195035468518,"data",NA
"37","Pfizer","Delta","Andrews",2.3723404,1,"Death",0.956,0.944,0.966,2.19999482051163,1.07833908420216,"BNT162b2",44,1000,1e+08,1e+08,0.955601685000473,0.965645972042685,0.943440932998071,0.961145631136124,0.950078572761928,1e-05,1.07067380146949,"data",NA
"38","Pfizer","BA.2","Yan",2.3723404,7.629827,"Death",0.974,0.93,0.99,15.1347461129248,1.19595972750764,"BNT162b2",4.02558477482377,154.830183647068,1e+08,1e+08,0.970485176172886,0.990288694271148,0.930331679044232,0.984300115880657,0.95698559226185,1.54830183647068e-06,1.17462929961814,"data",NA
"39","Pfizer","Alpha","Haas",2.3723404,1,"Death",0.967,0.96,0.973,1.48879931632068,1.59345881879019,"BNT162b2",33,1000,1e+08,1e+08,0.966825597911594,0.972850114159976,0.95986273796046,0.970077793998743,0.963578031934422,1e-05,1.59063666764994,"data",NA
"40","Pfizer","Delta","Prunas",2.372340426,1,"Susceptibility",0.72,0.659,0.77,2.19999482051163,1.07833909602037,"BNT162b2",125.232271619186,447.258112925666,1e+08,1e+08,0.718836298828717,0.770854376060774,0.659653675971498,0.746825540836061,0.690831642706695,4.47258112925666e-06,1.11277839981303,"data",NA
"41","Pfizer","Delta","Pouwels (delta)",2.372340426,1,"Susceptibility",0.8,0.77,0.83,2.19999482051163,1.07833909602037,"BNT162b2",200,1000,1e+08,1e+08,0.799412669505256,0.828043258734691,0.767355385276965,0.814764775651909,0.784057809184481,1e-05,1.09664902629739,"data",NA
"42","Pfizer","Delta","Andrews",2.3723404,0.1241186,"Death",0.904,0.851,0.938,2.19999482051163,0.133841937456454,"BNT162b2",21.7621056865232,226.688600901284,1e+08,1e+08,0.901368334534571,0.938092275300524,0.850525582657971,0.923180442531342,0.879407065286737,2.26688600901284e-06,0.161176917969286,"data",NA
"43","Pfizer","Delta","Eyre",2.372340426,1,"Infectiousness",0.5,0.35,0.61,2.19999482051163,1.07833909602037,"BNT162b2",85.8022462300026,171.604492460005,1e+08,1e+08,0.496164943444711,0.614231950972894,0.352353360888321,0.562154322619842,0.430783915805274,1.71604492460005e-06,1.05442053194625,"data",NA
"44","Pfizer","Delta","Sukik",2.3723404,7.629827,"Death",1,-0.1,1,2.19999482051163,8.22754065980089,"BNT162b2",0,5.23397059484322,1e+08,1e+08,0.739693160403452,0.995126011370412,-0.581464609058396,0.97978086670108,0.85,5.23397059484322e-08,8.22373829085096,"data",NA
"45","Pfizer","Delta","Martinez-Baz",2.372340426,1,"Susceptibility",0.69,0.66,0.72,2.19999482051163,1.07833909602037,"BNT162b2",310,1000,1e+08,1e+08,0.689676323029643,0.718353473310295,0.658937916312054,0.704841231282956,0.67447103783772,1e-05,1.08060073443668,"data",NA
"46",NA,NA,NA,NA,NA,"Susceptibility",NA,0.429210589285557,0.488167275476167,NA,0.125,NA,NA,NA,NA,NA,NA,NA,NA,NA,NA,NA,NA,"CI",NA
"47",NA,NA,NA,NA,NA,"Susceptibility",NA,0.484515899153054,0.535246206429184,NA,0.176776695296637,NA,NA,NA,NA,NA,NA,NA,NA,NA,NA,NA,NA,"CI",NA
"48",NA,NA,NA,NA,NA,"Susceptibility",NA,0.540084774710761,0.582007055377433,NA,0.25,NA,NA,NA,NA,NA,NA,NA,NA,NA,NA,NA,NA,"CI",NA
"49",NA,NA,NA,NA,NA,"Susceptibility",NA,0.594024866777211,0.6277254232125,NA,0.353553390593274,NA,NA,NA,NA,NA,NA,NA,NA,NA,NA,NA,NA,"CI",NA
"50",NA,NA,NA,NA,NA,"Susceptibility",NA,0.644762451913353,0.671800078033901,NA,0.5,NA,NA,NA,NA,NA,NA,NA,NA,NA,NA,NA,NA,"CI",NA
"51",NA,NA,NA,NA,NA,"Susceptibility",NA,0.691457351273788,0.714316417347846,NA,0.707106781186548,NA,NA,NA,NA,NA,NA,NA,NA,NA,NA,NA,NA,"CI",NA
"52",NA,NA,NA,NA,NA,"Susceptibility",NA,0.732844561846411,0.754837211577399,NA,1,NA,NA,NA,NA,NA,NA,NA,NA,NA,NA,NA,NA,"CI",NA
"53",NA,NA,NA,NA,NA,"Susceptibility",NA,0.769553326029617,0.792435752887956,NA,1.4142135623731,NA,NA,NA,NA,NA,NA,NA,NA,NA,NA,NA,NA,"CI",NA
"54",NA,NA,NA,NA,NA,"Susceptibility",NA,0.801811091175786,0.826270105960821,NA,2,NA,NA,NA,NA,NA,NA,NA,NA,NA,NA,NA,NA,"CI",NA
"55",NA,NA,NA,NA,NA,"Susceptibility",NA,0.830149832514384,0.856033924620142,NA,2.82842712474619,NA,NA,NA,NA,NA,NA,NA,NA,NA,NA,NA,NA,"CI",NA
"56",NA,NA,NA,NA,NA,"Susceptibility",NA,0.854983017352627,0.88156933452283,NA,4,NA,NA,NA,NA,NA,NA,NA,NA,NA,NA,NA,NA,"CI",NA
"57",NA,NA,NA,NA,NA,"Susceptibility",NA,0.876679867797999,0.903084577065782,NA,5.65685424949238,NA,NA,NA,NA,NA,NA,NA,NA,NA,NA,NA,NA,"CI",NA
"58",NA,NA,NA,NA,NA,"Susceptibility",NA,0.895476313671544,0.921024543742705,NA,8,NA,NA,NA,NA,NA,NA,NA,NA,NA,NA,NA,NA,"CI",NA
"59",NA,NA,NA,NA,NA,"Infectiousness",NA,0.120168366726562,0.198633525200282,NA,0.125,NA,NA,NA,NA,NA,NA,NA,NA,NA,NA,NA,NA,"CI",NA
"60",NA,NA,NA,NA,NA,"Infectiousness",NA,0.15466092053533,0.23441742762153,NA,0.176776695296637,NA,NA,NA,NA,NA,NA,NA,NA,NA,NA,NA,NA,"CI",NA
"61",NA,NA,NA,NA,NA,"Infectiousness",NA,0.196766992988634,0.274995519471968,NA,0.25,NA,NA,NA,NA,NA,NA,NA,NA,NA,NA,NA,NA,"CI",NA
"62",NA,NA,NA,NA,NA,"Infectiousness",NA,0.246627204313489,0.319829022455143,NA,0.353553390593274,NA,NA,NA,NA,NA,NA,NA,NA,NA,NA,NA,NA,"CI",NA
"63",NA,NA,NA,NA,NA,"Infectiousness",NA,0.303944519121149,0.36967430286362,NA,0.5,NA,NA,NA,NA,NA,NA,NA,NA,NA,NA,NA,NA,"CI",NA
"64",NA,NA,NA,NA,NA,"Infectiousness",NA,0.365089673385204,0.424057344680842,NA,0.707106781186548,NA,NA,NA,NA,NA,NA,NA,NA,NA,NA,NA,NA,"CI",NA
"65",NA,NA,NA,NA,NA,"Infectiousness",NA,0.427518806408353,0.484159266223982,NA,1,NA,NA,NA,NA,NA,NA,NA,NA,NA,NA,NA,NA,"CI",NA
"66",NA,NA,NA,NA,NA,"Infectiousness",NA,0.488145430733614,0.549331505311017,NA,1.4142135623731,NA,NA,NA,NA,NA,NA,NA,NA,NA,NA,NA,NA,"CI",NA
"67",NA,NA,NA,NA,NA,"Infectiousness",NA,0.54572589367947,0.616327879623204,NA,2,NA,NA,NA,NA,NA,NA,NA,NA,NA,NA,NA,NA,"CI",NA
"68",NA,NA,NA,NA,NA,"Infectiousness",NA,0.599808404870043,0.680911025004487,NA,2.82842712474619,NA,NA,NA,NA,NA,NA,NA,NA,NA,NA,NA,NA,"CI",NA
"69",NA,NA,NA,NA,NA,"Infectiousness",NA,0.649818317942019,0.740451692826551,NA,4,NA,NA,NA,NA,NA,NA,NA,NA,NA,NA,NA,NA,"CI",NA
"70",NA,NA,NA,NA,NA,"Infectiousness",NA,0.696662168141587,0.792688516479092,NA,5.65685424949238,NA,NA,NA,NA,NA,NA,NA,NA,NA,NA,NA,NA,"CI",NA
"71",NA,NA,NA,NA,NA,"Infectiousness",NA,0.739302330883961,0.837104161515609,NA,8,NA,NA,NA,NA,NA,NA,NA,NA,NA,NA,NA,NA,"CI",NA
"72",NA,NA,NA,NA,NA,"Death",NA,0.911310408383989,0.926486598014377,NA,0.125,NA,NA,NA,NA,NA,NA,NA,NA,NA,NA,NA,NA,"CI",NA
"73",NA,NA,NA,NA,NA,"Death",NA,0.922237719668339,0.935491642948851,NA,0.176776695296637,NA,NA,NA,NA,NA,NA,NA,NA,NA,NA,NA,NA,"CI",NA
"74",NA,NA,NA,NA,NA,"Death",NA,0.931619804882936,0.943594461849312,NA,0.25,NA,NA,NA,NA,NA,NA,NA,NA,NA,NA,NA,NA,"CI",NA
"75",NA,NA,NA,NA,NA,"Death",NA,0.93979127775627,0.950901155219133,NA,0.353553390593274,NA,NA,NA,NA,NA,NA,NA,NA,NA,NA,NA,NA,"CI",NA
"76",NA,NA,NA,NA,NA,"Death",NA,0.946911749882037,0.957446329631415,NA,0.5,NA,NA,NA,NA,NA,NA,NA,NA,NA,NA,NA,NA,"CI",NA
"77",NA,NA,NA,NA,NA,"Death",NA,0.953032441450611,0.963213252643806,NA,0.707106781186548,NA,NA,NA,NA,NA,NA,NA,NA,NA,NA,NA,NA,"CI",NA
"78",NA,NA,NA,NA,NA,"Death",NA,0.958470035990568,0.968282309490636,NA,1,NA,NA,NA,NA,NA,NA,NA,NA,NA,NA,NA,NA,"CI",NA
"79",NA,NA,NA,NA,NA,"Death",NA,0.96322232198516,0.972720268428666,NA,1.4142135623731,NA,NA,NA,NA,NA,NA,NA,NA,NA,NA,NA,NA,"CI",NA
"80",NA,NA,NA,NA,NA,"Death",NA,0.967456919234829,0.976556714163548,NA,2,NA,NA,NA,NA,NA,NA,NA,NA,NA,NA,NA,NA,"CI",NA
"81",NA,NA,NA,NA,NA,"Death",NA,0.971166326110255,0.979882069729204,NA,2.82842712474619,NA,NA,NA,NA,NA,NA,NA,NA,NA,NA,NA,NA,"CI",NA
"82",NA,NA,NA,NA,NA,"Death",NA,0.974501599200214,0.982758662911174,NA,4,NA,NA,NA,NA,NA,NA,NA,NA,NA,NA,NA,NA,"CI",NA
"83",NA,NA,NA,NA,NA,"Death",NA,0.977404439264795,0.985257431678889,NA,5.65685424949238,NA,NA,NA,NA,NA,NA,NA,NA,NA,NA,NA,NA,"CI",NA
"84",NA,NA,NA,NA,NA,"Death",NA,0.979979694720959,0.987384935214656,NA,8,NA,NA,NA,NA,NA,NA,NA,NA,NA,NA,NA,NA,"CI",NA
"85",NA,NA,NA,NA,NA,"Transmission",NA,0.510419881976376,0.576737164385403,NA,0.125,NA,NA,NA,NA,NA,NA,NA,NA,NA,NA,NA,NA,"CI",NA
"86",NA,NA,NA,NA,NA,"Transmission",NA,0.575448058667791,0.632840947641191,NA,0.176776695296637,NA,NA,NA,NA,NA,NA,NA,NA,NA,NA,NA,NA,"CI",NA
"87",NA,NA,NA,NA,NA,"Transmission",NA,0.639985180474089,0.687388715127472,NA,0.25,NA,NA,NA,NA,NA,NA,NA,NA,NA,NA,NA,NA,"CI",NA
"88",NA,NA,NA,NA,NA,"Transmission",NA,0.7016167891996,0.739112057896036,NA,0.353553390593274,NA,NA,NA,NA,NA,NA,NA,NA,NA,NA,NA,NA,"CI",NA
"89",NA,NA,NA,NA,NA,"Transmission",NA,0.758537967949046,0.78724186180024,NA,0.5,NA,NA,NA,NA,NA,NA,NA,NA,NA,NA,NA,NA,"CI",NA
"90",NA,NA,NA,NA,NA,"Transmission",NA,0.80871172419328,0.830970383631076,NA,0.707106781186548,NA,NA,NA,NA,NA,NA,NA,NA,NA,NA,NA,NA,"CI",NA
"91",NA,NA,NA,NA,NA,"Transmission",NA,0.851187536252746,0.869784780906346,NA,1,NA,NA,NA,NA,NA,NA,NA,NA,NA,NA,NA,NA,"CI",NA
"92",NA,NA,NA,NA,NA,"Transmission",NA,0.885788436266617,0.903049593074127,NA,1.4142135623731,NA,NA,NA,NA,NA,NA,NA,NA,NA,NA,NA,NA,"CI",NA
"93",NA,NA,NA,NA,NA,"Transmission",NA,0.91342753594487,0.930153139935472,NA,2,NA,NA,NA,NA,NA,NA,NA,NA,NA,NA,NA,NA,"CI",NA
"94",NA,NA,NA,NA,NA,"Transmission",NA,0.93535540024472,0.951265355684929,NA,2.82842712474619,NA,NA,NA,NA,NA,NA,NA,NA,NA,NA,NA,NA,"CI",NA
"95",NA,NA,NA,NA,NA,"Transmission",NA,0.952437693603919,0.96689235775672,NA,4,NA,NA,NA,NA,NA,NA,NA,NA,NA,NA,NA,NA,"CI",NA
"96",NA,NA,NA,NA,NA,"Transmission",NA,0.965471457406919,0.978008299851123,NA,5.65685424949238,NA,NA,NA,NA,NA,NA,NA,NA,NA,NA,NA,NA,"CI",NA
"97",NA,NA,NA,NA,NA,"Transmission",NA,0.975181302415172,0.98567676977298,NA,8,NA,NA,NA,NA,NA,NA,NA,NA,NA,NA,NA,NA,"CI",NA
"98",NA,NA,NA,NA,NA,"Susceptibility",NA,0.265486725663717,0.609375,NA,0.125,NA,NA,NA,NA,NA,NA,NA,NA,NA,NA,NA,NA,"mean",0.458678055155626
"99",NA,NA,NA,NA,NA,"Susceptibility",NA,0.333333333333333,0.651162790697674,NA,0.176776695296637,NA,NA,NA,NA,NA,NA,NA,NA,NA,NA,NA,NA,"mean",0.509880890389738
"100",NA,NA,NA,NA,NA,"Susceptibility",NA,0.4,0.694029850746269,NA,0.25,NA,NA,NA,NA,NA,NA,NA,NA,NA,NA,NA,NA,"mean",0.560966815437827
"101",NA,NA,NA,NA,NA,"Susceptibility",NA,0.457136699507389,0.732758620689655,NA,0.353553390593274,NA,NA,NA,NA,NA,NA,NA,NA,NA,NA,NA,NA,"mean",0.610724058231165
"102",NA,NA,NA,NA,NA,"Susceptibility",NA,0.518518518518519,0.767605633802817,NA,0.5,NA,NA,NA,NA,NA,NA,NA,NA,NA,NA,NA,NA,"mean",0.658372731412454
"103",NA,NA,NA,NA,NA,"Susceptibility",NA,0.571428571428571,0.80672268907563,NA,0.707106781186548,NA,NA,NA,NA,NA,NA,NA,NA,NA,NA,NA,NA,"mean",0.703018074364009
"104",NA,NA,NA,NA,NA,"Susceptibility",NA,0.629299235691433,0.837606837606838,NA,1,NA,NA,NA,NA,NA,NA,NA,NA,NA,NA,NA,NA,"mean",0.744098952883727
"105",NA,NA,NA,NA,NA,"Susceptibility",NA,0.673469387755102,0.8671875,NA,1.4142135623731,NA,NA,NA,NA,NA,NA,NA,NA,NA,NA,NA,NA,"mean",0.781247422425946
"106",NA,NA,NA,NA,NA,"Susceptibility",NA,0.714285714285714,0.893805309734513,NA,2,NA,NA,NA,NA,NA,NA,NA,NA,NA,NA,NA,NA,"mean",0.814296975106767
"107",NA,NA,NA,NA,NA,"Susceptibility",NA,0.75531914893617,0.913461538461538,NA,2.82842712474619,NA,NA,NA,NA,NA,NA,NA,NA,NA,NA,NA,NA,"mean",0.843419504373133
"108",NA,NA,NA,NA,NA,"Susceptibility",NA,0.788453389830508,0.933333333333333,NA,4,NA,NA,NA,NA,NA,NA,NA,NA,NA,NA,NA,NA,"mean",0.868743765477768
"109",NA,NA,NA,NA,NA,"Susceptibility",NA,0.817305107526882,0.947377020983832,NA,5.65685424949238,NA,NA,NA,NA,NA,NA,NA,NA,NA,NA,NA,NA,"mean",0.890465322689197
"110",NA,NA,NA,NA,NA,"Susceptibility",NA,0.841664603960396,0.9609375,NA,8,NA,NA,NA,NA,NA,NA,NA,NA,NA,NA,NA,NA,"mean",0.908975213914539
"111",NA,NA,NA,NA,NA,"Infectiousness",NA,-0.104774436090226,0.36434272763106,NA,0.125,NA,NA,NA,NA,NA,NA,NA,NA,NA,NA,NA,NA,"mean",0.155673696538552
"112",NA,NA,NA,NA,NA,"Infectiousness",NA,-0.0645336605890602,0.390070921985816,NA,0.176776695296637,NA,NA,NA,NA,NA,NA,NA,NA,NA,NA,NA,NA,"mean",0.191655706136377
"113",NA,NA,NA,NA,NA,"Infectiousness",NA,-0.0112391470888662,0.425004921259842,NA,0.25,NA,NA,NA,NA,NA,NA,NA,NA,NA,NA,NA,NA,"mean",0.233831562432801
"114",NA,NA,NA,NA,NA,"Infectiousness",NA,0.045045045045045,0.464285714285714,NA,0.353553390593274,NA,NA,NA,NA,NA,NA,NA,NA,NA,NA,NA,NA,"mean",0.282118892662538
"115",NA,NA,NA,NA,NA,"Infectiousness",NA,0.115384615384615,0.511811023622047,NA,0.5,NA,NA,NA,NA,NA,NA,NA,NA,NA,NA,NA,NA,"mean",0.335996695515304
"116",NA,NA,NA,NA,NA,"Infectiousness",NA,0.187485397196262,0.557384930643127,NA,0.707106781186548,NA,NA,NA,NA,NA,NA,NA,NA,NA,NA,NA,NA,"mean",0.394268061306308
"117",NA,NA,NA,NA,NA,"Infectiousness",NA,0.26,0.605042016806723,NA,1,NA,NA,NA,NA,NA,NA,NA,NA,NA,NA,NA,NA,"mean",0.455919431262728
"118",NA,NA,NA,NA,NA,"Infectiousness",NA,0.34375,0.658333333333333,NA,1.4142135623731,NA,NA,NA,NA,NA,NA,NA,NA,NA,NA,NA,NA,"mean",0.518889970516127
"119",NA,NA,NA,NA,NA,"Infectiousness",NA,0.411764705882353,0.712121212121212,NA,2,NA,NA,NA,NA,NA,NA,NA,NA,NA,NA,NA,NA,"mean",0.581080934064202
"120",NA,NA,NA,NA,NA,"Infectiousness",NA,0.485974632843792,0.760330578512397,NA,2.82842712474619,NA,NA,NA,NA,NA,NA,NA,NA,NA,NA,NA,NA,"mean",0.64081403127338
"121",NA,NA,NA,NA,NA,"Infectiousness",NA,0.556603773584906,0.807692307692308,NA,4,NA,NA,NA,NA,NA,NA,NA,NA,NA,NA,NA,NA,"mean",0.696411354490497
"122",NA,NA,NA,NA,NA,"Infectiousness",NA,0.619469026548673,0.848,NA,5.65685424949238,NA,NA,NA,NA,NA,NA,NA,NA,NA,NA,NA,NA,"mean",0.746928634159782
"123",NA,NA,NA,NA,NA,"Infectiousness",NA,0.673072429906542,0.883726121262458,NA,8,NA,NA,NA,NA,NA,NA,NA,NA,NA,NA,NA,NA,"mean",0.79153953735671
"124",NA,NA,NA,NA,NA,"Death",NA,0.855998305084746,0.967479674796748,NA,0.125,NA,NA,NA,NA,NA,NA,NA,NA,NA,NA,NA,NA,"mean",0.919420614577611
"125",NA,NA,NA,NA,NA,"Death",NA,0.871287128712871,0.974137931034483,NA,0.176776695296637,NA,NA,NA,NA,NA,NA,NA,NA,NA,NA,NA,NA,"mean",0.929297264177083
"126",NA,NA,NA,NA,NA,"Death",NA,0.883928571428571,0.980769230769231,NA,0.25,NA,NA,NA,NA,NA,NA,NA,NA,NA,NA,NA,NA,"mean",0.937998873234391
"127",NA,NA,NA,NA,NA,"Death",NA,0.893203883495146,0.983739837398374,NA,0.353553390593274,NA,NA,NA,NA,NA,NA,NA,NA,NA,NA,NA,NA,"mean",0.945717945026325
"128",NA,NA,NA,NA,NA,"Death",NA,0.904761904761905,0.989690721649485,NA,0.5,NA,NA,NA,NA,NA,NA,NA,NA,NA,NA,NA,NA,"mean",0.952518537565186
"129",NA,NA,NA,NA,NA,"Death",NA,0.914285714285714,0.991525423728814,NA,0.707106781186548,NA,NA,NA,NA,NA,NA,NA,NA,NA,NA,NA,NA,"mean",0.958528681580129
"130",NA,NA,NA,NA,NA,"Death",NA,0.922330097087379,0.992,NA,1,NA,NA,NA,NA,NA,NA,NA,NA,NA,NA,NA,NA,"mean",0.963797153645696
"131",NA,NA,NA,NA,NA,"Death",NA,0.928571428571429,1,NA,1.4142135623731,NA,NA,NA,NA,NA,NA,NA,NA,NA,NA,NA,NA,"mean",0.968429890548691
"132",NA,NA,NA,NA,NA,"Death",NA,0.936504329004329,1,NA,2,NA,NA,NA,NA,NA,NA,NA,NA,NA,NA,NA,NA,"mean",0.972469700155057
"133",NA,NA,NA,NA,NA,"Death",NA,0.941747572815534,1,NA,2.82842712474619,NA,NA,NA,NA,NA,NA,NA,NA,NA,NA,NA,NA,"mean",0.976007771945421
"134",NA,NA,NA,NA,NA,"Death",NA,0.947368421052632,1,NA,4,NA,NA,NA,NA,NA,NA,NA,NA,NA,NA,NA,NA,"mean",0.979103956220812
"135",NA,NA,NA,NA,NA,"Death",NA,0.951923076923077,1,NA,5.65685424949238,NA,NA,NA,NA,NA,NA,NA,NA,NA,NA,NA,NA,"mean",0.981798656735428
"136",NA,NA,NA,NA,NA,"Death",NA,0.956896551724138,1,NA,8,NA,NA,NA,NA,NA,NA,NA,NA,NA,NA,NA,NA,"mean",0.984160519687626
"137",NA,NA,NA,NA,NA,"Transmission",NA,NA,NA,NA,0.125,NA,NA,NA,NA,NA,NA,NA,NA,NA,NA,NA,NA,"mean",0.542835677069854
"138",NA,NA,NA,NA,NA,"Transmission",NA,NA,NA,NA,0.176776695296637,NA,NA,NA,NA,NA,NA,NA,NA,NA,NA,NA,NA,"mean",0.603713609054269
"139",NA,NA,NA,NA,NA,"Transmission",NA,NA,NA,NA,0.25,NA,NA,NA,NA,NA,NA,NA,NA,NA,NA,NA,NA,"mean",0.663444434635947
"140",NA,NA,NA,NA,NA,"Transmission",NA,NA,NA,NA,0.353553390593274,NA,NA,NA,NA,NA,NA,NA,NA,NA,NA,NA,NA,"mean",0.720436628933184
"141",NA,NA,NA,NA,NA,"Transmission",NA,NA,NA,NA,0.5,NA,NA,NA,NA,NA,NA,NA,NA,NA,NA,NA,NA,"mean",0.773048296417622
"142",NA,NA,NA,NA,NA,"Transmission",NA,NA,NA,NA,0.707106781186548,NA,NA,NA,NA,NA,NA,NA,NA,NA,NA,NA,NA,"mean",0.820006127483985
"143",NA,NA,NA,NA,NA,"Transmission",NA,NA,NA,NA,1,NA,NA,NA,NA,NA,NA,NA,NA,NA,NA,NA,NA,"mean",0.860693511636405
"144",NA,NA,NA,NA,NA,"Transmission",NA,NA,NA,NA,1.4142135623731,NA,NA,NA,NA,NA,NA,NA,NA,NA,NA,NA,NA,"mean",0.894777634571025
"145",NA,NA,NA,NA,NA,"Transmission",NA,NA,NA,NA,2,NA,NA,NA,NA,NA,NA,NA,NA,NA,NA,NA,NA,"mean",0.922279638547092
"146",NA,NA,NA,NA,NA,"Transmission",NA,NA,NA,NA,2.82842712474619,NA,NA,NA,NA,NA,NA,NA,NA,NA,NA,NA,NA,"mean",0.943859771239707
"147",NA,NA,NA,NA,NA,"Transmission",NA,NA,NA,NA,4,NA,NA,NA,NA,NA,NA,NA,NA,NA,NA,NA,NA,"mean",0.960234893859988
"148",NA,NA,NA,NA,NA,"Transmission",NA,NA,NA,NA,5.65685424949238,NA,NA,NA,NA,NA,NA,NA,NA,NA,NA,NA,NA,"mean",0.972353979296195
"149",NA,NA,NA,NA,NA,"Transmission",NA,NA,NA,NA,8,NA,NA,NA,NA,NA,NA,NA,NA,NA,NA,NA,NA,"mean",0.981080877355424
